event_id,location_id,role
28083,2012922,location
28083,1116840,location
28083,1116856,location
28089,1116890,location
5194,1116840,location
5194,2012922,location
5195,1714923,location
5196,818728,location
5198,1150251,location
5199,519914,location
5204,2012922,location
5208,2012922,location
5208,1116840,location
5214,2030941,location
28096,860426,location
5220,1715700,location
5222,2600096,location
5223,819999,location
5227,1162832,location
5228,1457472,location
5235,1419744,location
5237,837734,location
5244,1717392,location
5247,2610892,location
5247,728577,location
5254,2013240,location
5256,1118740,location
5260,2611753,location
5268,557007,location
5274,2685146,location
5277,2629146,location
5281,1416102,location
5289,1715940,location
5289,823656,location
5290,2312860,location
5293,1715995,location
5298,2612041,location
5307,2312774,location
5310,2013252,location
5317,1131268,location
5318,2311969,location
5319,1116964,location
5324,520168,location
5328,822840,location
5334,523572,location
28130,2012958,location
5335,1117308,location
5341,1421335,location
5342,1121234,location
5344,2629834,location
5347,1714968,location
28135,534620,location
5355,520536,location
28136,2012993,location
5362,2312309,location
5365,1718847,location
28140,1415876,location
5374,1117755,location
5377,2316339,location
5378,2610868,location
5380,2311975,location
5382,1717392,location
5388,2012921,location
5392,560091,location
5399,2632027,location
28148,1722155,location
5404,1720181,location
5411,2013495,location
5412,818797,location
5415,820112,location
5431,1116861,location
5432,2610830,location
5433,1718881,location
5438,2012931,location
5440,2013532,location
5443,523141,location
5449,2018982,location
5450,820639,location
5451,1715235,location
5454,823355,location
5460,831417,location
5461,2611820,location
5467,1118224,location
28158,2013779,location
5472,2018052,location
5476,1165381,location
5476,1116840,location
5480,1420389,location
5483,818650,location
5484,2316876,location
5486,525791,location
5490,520046,location
28159,528503,location
5511,2012931,location
5530,524525,location
5535,1416391,location
5538,1125500,location
28170,2013513,location
5558,2013966,location
5563,1416106,location
5564,1719804,location
5566,2313068,location
5569,1118580,location
5570,1117832,location
5572,2331476,location
5577,1715522,location
5584,1415885,location
5585,1117109,location
5588,524098,location
28176,1715860,location
5589,521727,location
28180,2654330,location
5593,2012920,location
5597,2311975,location
5597,2634450,location
5598,1120423,location
28186,2315913,location
28188,2613345,location
5610,2610788,location
5613,1119046,location
28191,818396,location
5620,520207,location
5626,1116920,location
5629,519990,location
5635,2610782,location
5640,2313104,location
5642,1716581,location
5644,1717498,location
5653,1129048,location
5656,1715248,location
5657,1490614,location
5659,1732441,location
5661,2013687,location
5662,2311975,location
5664,520436,location
5667,820912,location
28211,2315122,location
5684,2617553,location
5686,2314175,location
28215,1715615,location
5706,1415528,location
5709,1121531,location
5713,2018118,location
5716,822840,location
5719,1116958,location
28219,2067433,location
5729,2015067,location
28222,1452793,location
28222,1740954,location
28222,2636010,location
28223,2339268,location
5736,2312901,location
5744,1122130,location
5745,2015192,location
5750,1721790,location
5758,1718818,location
5760,2322427,location
5763,1415702,location
5765,2013860,location
5767,525020,location
5769,818994,location
5774,540588,location
5775,2320681,location
5784,2312058,location
5786,1715993,location
5787,820912,location
5788,1715372,location
5789,1117164,location
5798,520839,location
5809,2613405,location
5821,2263907,location
5831,1742464,location
5836,2012939,location
5837,819339,location
5839,1772002,location
5840,2013038,location
5846,2611442,location
5852,2626417,location
5857,2313042,location
5859,1415470,location
5866,2316526,location
5867,519917,location
5868,1714931,location
5869,2033509,location
5871,2012940,location
5873,1416245,location
5874,529069,location
28255,522519,location
5876,1120792,location
5877,1155493,location
5882,1420750,location
5887,1720885,location
5890,2012921,location
5895,523391,location
5896,1733536,location
5902,2314120,location
5903,526877,location
5904,2321379,location
5905,520046,location
28262,2012920,location
5918,2021401,location
5926,2616394,location
5932,1117817,location
5937,819019,location
5941,819348,location
5947,2570309,location
5952,822061,location
5956,1715928,location
5965,2314305,location
5967,1479065,location
5970,2317370,location
5982,1117598,location
5986,1716406,location
5992,2619275,location
5998,2012940,location
6003,1119544,location
6033,2056150,location
6034,1119656,location
6038,1716007,location
6039,520344,location
6040,1122188,location
6043,2013538,location
28273,1715159,location
6048,2012921,location
6061,819347,location
6064,1118541,location
6067,2012961,location
6072,1716264,location
28293,1117451,location
6081,2505658,location
6082,1117478,location
6089,820887,location
6091,520633,location
6095,1735730,location
6098,1715681,location
6104,819104,location
6105,818387,location
6106,2013003,location
6110,520046,location
6114,1421367,location
6124,2313465,location
6127,1715844,location
6130,1117907,location
28302,520961,location
28303,818399,location
6135,1417977,location
6151,2611796,location
6152,521718,location
6156,1416391,location
6158,1128510,location
6163,1415529,location
6169,1416421,location
6176,2013948,location
6177,818476,location
6182,1415716,location
6191,2047538,location
6192,819391,location
6194,1730264,location
6203,539132,location
6206,2313465,location
28323,2017700,location
6210,2611017,location
6210,1116840,location
6210,1714923,location
6213,1429545,location
6218,1728365,location
6221,520929,location
6228,2611628,location
6229,1117807,location
6230,2312985,location
6235,1415475,location
6241,2312937,location
6248,2013347,location
6257,819424,location
6266,2013495,location
6274,1116878,location
6282,1128273,location
6285,1735546,location
6286,2015375,location
6287,1715700,location
6290,1117758,location
6302,2313033,location
6304,1119765,location
28346,856494,location
6309,2610782,location
6309,519914,location
28348,2014253,location
28351,1715543,location
28352,1415684,location
28361,820646,location
6318,1130950,location
6324,526615,location
6326,2323217,location
6327,826977,location
6330,1117837,location
6332,2314931,location
6333,820967,location
6337,1715920,location
6342,2014274,location
6350,547170,location
6352,1421335,location
6355,525835,location
6370,1117807,location
6374,2318711,location
6377,2016143,location
6390,1720391,location
6396,1416950,location
6401,2611045,location
6403,1715838,location
6412,823885,location
6413,819057,location
6415,2619575,location
6416,2610827,location
6417,2613422,location
6419,2312937,location
6421,520101,location
6425,1452405,location
6426,2317335,location
6427,2012941,location
6439,2635257,location
6441,2016332,location
6442,1726879,location
6447,2315283,location
6448,2032020,location
6453,2050800,location
6456,1119048,location
6463,2018630,location
6466,2613365,location
6467,575350,location
6469,2648909,location
6479,1721459,location
6482,1443323,location
6486,1717422,location
28365,819496,location
6487,819368,location
6489,2326142,location
6492,525186,location
6500,1455785,location
6502,2352449,location
6505,1716534,location
6506,1122919,location
6508,529258,location
6510,818694,location
6514,2318923,location
6524,1416216,location
6530,529113,location
6532,1415505,location
6537,2015797,location
6538,825864,location
6542,1714922,location
28366,1466508,location
6546,1116861,location
6548,520843,location
6550,2362442,location
6552,2610774,location
6554,1417652,location
6557,2012973,location
6560,1118561,location
6561,819347,location
28383,1552663,location
28386,524791,location
6575,2312160,location
6580,2610827,location
6582,1417413,location
6583,2614423,location
6584,844166,location
6586,832632,location
28399,1415687,location
6603,663782,location
28400,2621506,location
6623,1714959,location
28405,2313955,location
6658,2610913,location
6672,818398,location
28415,832451,location
28417,2012989,location
28419,1116862,location
6681,2620280,location
28425,1131802,location
28425,2030335,location
28435,526615,location
6700,1117189,location
6704,1714912,location
6707,2013226,location
6709,818407,location
6710,2054497,location
6711,1441754,location
6713,2019168,location
6719,1311101,location
6720,830165,location
6722,2615149,location
6724,2312856,location
6726,2610779,location
6727,2610779,location
6730,1128510,location
6736,1718214,location
6739,857269,location
6742,1780850,location
6744,1415998,location
6746,1720913,location
6748,520960,location
6750,2013558,location
28438,1715716,location
6768,1417978,location
6797,1720181,location
6804,525102,location
6807,1458129,location
6824,2313010,location
6868,1757495,location
28463,1415438,location
6900,2012931,location
6903,2025537,location
6904,834496,location
6907,1715372,location
6912,1415647,location
6928,1026496,location
28470,1163470,location
6936,2340283,location
6944,1728588,location
6961,567904,location
6969,1133491,location
6986,1122213,location
6989,842137,location
6991,1119035,location
6993,1472462,location
6995,520932,location
7006,527073,location
7012,2615217,location
7014,1134413,location
7017,2322562,location
7022,1715681,location
7023,2312049,location
7024,566439,location
28481,2291999,location
7026,519930,location
7037,2313614,location
7045,1416345,location
7050,520927,location
7051,2631371,location
7059,2012941,location
7059,1415438,location
7060,818386,location
7065,1714942,location
7074,520046,location
7076,1120848,location
7087,1120023,location
28491,1715072,location
7090,818396,location
7094,1463410,location
7103,2610799,location
7107,2311997,location
7111,823690,location
7112,2311975,location
28496,2012973,location
7127,1415437,location
28498,818694,location
7131,2013240,location
28502,2016970,location
7142,2359821,location
28506,1716901,location
7162,1122363,location
7165,1717165,location
7182,2610846,location
7188,1415872,location
7194,2016332,location
28513,2012922,location
7196,829348,location
7200,1117799,location
28515,2611330,location
7205,1416679,location
7224,2013561,location
28521,828301,location
7226,1421634,location
7272,818994,location
7282,545056,location
7305,2610782,location
7305,519914,location
7307,1130118,location
7318,1416387,location
7320,1715600,location
7333,523792,location
28533,1434211,location
7346,825796,location
7349,545056,location
7357,2013011,location
7363,2312224,location
7366,2013778,location
7383,1416962,location
7389,1416767,location
7390,1119408,location
7395,2611373,location
7397,1715869,location
7398,1416961,location
7401,818386,location
7403,2013240,location
7412,1325850,location
7419,1416422,location
28558,2013862,location
7422,535713,location
28563,2019791,location
7437,2013397,location
28570,1767182,location
28571,545056,location
28574,823592,location
28574,1116840,location
7467,2013561,location
28576,572581,location
7476,1125118,location
28579,2610827,location
7496,2331411,location
7498,2012978,location
7506,2013561,location
7507,2021872,location
7510,1456072,location
7515,2617876,location
7536,2312944,location
7539,529419,location
7541,2611015,location
7543,2012972,location
7547,2013226,location
28589,2611807,location
28593,1715845,location
7572,1714945,location
28600,2612894,location
7600,2012921,location
28608,2342339,location
7612,833851,location
7614,1117672,location
7618,1121981,location
7626,1415637,location
28613,818399,location
7656,2012967,location
7659,1721680,location
7663,1117791,location
7673,1117604,location
28626,818390,location
7676,818422,location
28628,1415499,location
28630,519914,location
7681,1715511,location
28631,2012940,location
28640,1715845,location
7693,520599,location
7695,1118220,location
7711,2610808,location
28654,1415676,location
7724,819346,location
7725,828470,location
28661,2611809,location
7747,1117594,location
7751,822284,location
7758,2611026,location
28665,1132284,location
28666,831485,location
7765,2017858,location
7776,2610802,location
7777,842823,location
7786,2312661,location
7804,871718,location
28688,2165244,location
28697,1733488,location
7816,521433,location
7816,519914,location
7828,1417241,location
28701,819425,location
7838,536856,location
7838,519914,location
28706,1736051,location
7846,1416838,location
7847,1415482,location
28709,1996056,location
7861,1117310,location
28717,534563,location
7882,1119520,location
7887,2312021,location
7927,1117761,location
28727,519914,location
28736,519914,location
7972,2013226,location
28740,524834,location
28744,1118347,location
28754,519919,location
8107,1416471,location
8109,2012939,location
28776,2016418,location
8112,2620520,location
8118,2313049,location
28783,819104,location
8128,1415470,location
28787,2013509,location
8134,2321704,location
8135,2649726,location
8137,2613401,location
8142,2322657,location
8147,2019542,location
8156,2313105,location
8161,519999,location
8164,2615038,location
8166,1123604,location
8168,520991,location
8172,819285,location
8177,818650,location
8179,2618581,location
8183,2012920,location
8187,2042048,location
8190,2313347,location
8193,520207,location
8202,2610779,location
8212,2314198,location
8213,2051305,location
8216,2013136,location
8221,2311975,location
8223,520972,location
8229,819436,location
8230,527433,location
8236,2747202,location
8240,1415485,location
8251,1416391,location
8252,519914,location
8256,2018221,location
8258,2313634,location
8259,1117527,location
8265,2013313,location
8267,520168,location
8268,2022313,location
8271,1116861,location
8275,1742116,location
8276,1422400,location
8281,2013921,location
8282,823514,location
8284,1415716,location
8285,2312444,location
8289,1418149,location
8290,1116869,location
8293,837263,location
8294,1117879,location
8316,2326205,location
8318,2611847,location
8319,2313546,location
8327,1415676,location
8327,2013207,location
8328,2610802,location
28833,1416421,location
8331,1117420,location
8335,2012921,location
8347,820029,location
8348,823355,location
8354,2312218,location
8355,1122869,location
8356,1117036,location
8360,521626,location
8361,2313003,location
8364,819236,location
8366,2090110,location
8368,2312901,location
8370,818650,location
8371,523572,location
28840,1419810,location
28841,2314141,location
8379,2313224,location
8382,2611738,location
8385,1415472,location
8388,818387,location
8389,1119228,location
8394,2610892,location
8396,1428700,location
8400,2610779,location
8401,1117491,location
8402,2610782,location
8403,520344,location
8410,521618,location
8416,818916,location
8418,2312024,location
8422,2610779,location
8424,819496,location
8426,819472,location
8428,1416391,location
8435,2610775,location
8445,2312207,location
8448,1116893,location
8449,2013397,location
8451,2874172,location
28858,2610772,location
8456,2313111,location
8458,1715889,location
8459,1422480,location
8459,574878,location
28860,2321829,location
8464,2015621,location
8465,823705,location
8470,2314329,location
8474,1723979,location
8475,1116851,location
8476,564806,location
8481,524451,location
8488,1720169,location
8491,1117197,location
8497,2027190,location
8498,1715241,location
8504,1415529,location
8507,1121291,location
8513,1715259,location
8514,520117,location
8518,1131466,location
8521,885727,location
8526,1421065,location
8530,1126420,location
8533,1117799,location
8535,1415436,location
8536,1417944,location
8543,1416504,location
8544,821652,location
8556,1116962,location
8557,1123543,location
8562,859410,location
8570,524372,location
8572,2316861,location
8575,2312002,location
8584,2610790,location
8585,1116840,location
8588,1415436,location
8590,2311975,location
8594,1744672,location
8603,1116880,location
8604,2031893,location
28895,2611475,location
8607,1475548,location
8609,1720829,location
8614,822102,location
8615,1417034,location
28896,2648550,location
8620,1191940,location
8622,1415470,location
8624,1726721,location
8626,594824,location
8627,2616417,location
8634,2013860,location
8636,1117531,location
8666,2018746,location
8671,2013538,location
8672,1128273,location
8675,2615165,location
8676,1722398,location
8677,2313443,location
8682,1117761,location
8688,1118229,location
8690,2057687,location
8693,818832,location
8695,520046,location
8697,1722294,location
28909,820649,location
8699,2022554,location
8703,2016352,location
8704,2066871,location
8707,818416,location
8713,524916,location
8716,825273,location
8721,1457889,location
8725,1117047,location
8726,1716234,location
8727,2315469,location
28913,519917,location
8731,519927,location
8733,2013207,location
8735,1415676,location
8737,820301,location
8747,2614346,location
8748,1415470,location
8751,519917,location
8755,1117810,location
8756,2313007,location
8764,2314838,location
8770,520883,location
8771,818838,location
8777,1716512,location
8779,520046,location
8781,2025851,location
8782,2318054,location
8783,2624652,location
8786,519911,location
8788,524734,location
8789,523461,location
28922,2610826,location
8792,2611738,location
8795,2353577,location
8796,2626454,location
8808,2311975,location
8809,2611732,location
8810,818957,location
8813,1722044,location
8814,1715481,location
8818,2612232,location
8826,2313406,location
8827,2611409,location
8828,2013240,location
8830,2013240,location
8833,2614712,location
8835,2013184,location
8852,2271411,location
8859,819994,location
8872,1532865,location
8878,770426,location
8880,819806,location
8882,1123457,location
8884,1732148,location
8891,1120804,location
8901,818440,location
8905,2314192,location
8915,1716406,location
8919,2859678,location
8926,1416387,location
8934,2615868,location
8936,1415470,location
8951,2015397,location
8954,1426960,location
8966,2014482,location
8971,1117511,location
8986,2312277,location
8987,2013703,location
8991,2610826,location
8995,2013860,location
8999,2628086,location
28950,1715153,location
28952,1415456,location
9011,1415463,location
9012,2013560,location
9014,520462,location
9019,858319,location
28958,2612995,location
28959,1424003,location
9021,2315283,location
9023,2312774,location
9024,1724128,location
9028,2617553,location
9029,2615758,location
9037,2613557,location
9038,575522,location
9039,1128158,location
9047,1715087,location
9048,1722043,location
28966,2329037,location
9053,1715367,location
9055,2611346,location
9067,1717827,location
28969,1715955,location
9083,1117486,location
9091,834628,location
9094,2610779,location
9097,1126651,location
9097,1714987,location
9102,827414,location
9108,818387,location
9110,1127290,location
9114,549906,location
9118,828092,location
9121,1734436,location
9125,1416387,location
9126,1415529,location
9127,1133918,location
28982,1734499,location
9137,520469,location
9138,2013816,location
9146,1116962,location
28989,1117443,location
9150,2613494,location
9157,1416554,location
9158,1416241,location
9159,2611807,location
9160,1122043,location
9166,839549,location
9167,1715460,location
9169,1715844,location
9174,1415451,location
9180,2614423,location
9183,2311975,location
9187,825792,location
9195,1117210,location
29009,1156187,location
29010,2311975,location
9209,2311975,location
9212,2029867,location
9213,1116851,location
9215,525886,location
29024,1717404,location
29030,2312235,location
29032,1117310,location
29041,1441017,location
9238,819365,location
9239,1419806,location
9245,1444170,location
9251,1416421,location
9252,1726887,location
9254,2337039,location
9260,2613249,location
9262,2613131,location
9266,2013397,location
9268,1417708,location
9273,1415443,location
9277,2039712,location
9279,2338176,location
9299,2015060,location
9303,818399,location
9322,1116851,location
9332,1718818,location
9342,1117109,location
9347,2013905,location
9349,1119758,location
9353,2611811,location
9375,2349113,location
9378,2610974,location
9379,1719764,location
9382,1417739,location
9383,2610788,location
9384,2610788,location
9392,2610801,location
9394,2628796,location
9396,2611049,location
9403,754599,location
9409,1415450,location
9410,1716964,location
9411,2628086,location
9414,1425519,location
9419,1415716,location
9423,2027655,location
9432,2352511,location
9434,2610788,location
9436,1417458,location
9438,2651252,location
9444,2612611,location
9448,2312878,location
9451,560444,location
9451,558692,location
9452,1457430,location
9456,2312441,location
9461,1725012,location
9464,1117793,location
9467,1716061,location
9469,1416274,location
29050,2610802,location
9483,2610802,location
29057,1421527,location
9491,1122245,location
9495,2311975,location
29068,2013991,location
29069,1715715,location
9496,838946,location
29071,2022452,location
9502,2312583,location
9504,2370883,location
9506,1717519,location
9545,2315365,location
9550,2108561,location
29087,534089,location
29094,1715153,location
9562,2312856,location
9568,519917,location
9576,825942,location
29097,2013303,location
29098,521153,location
29103,2312872,location
29106,2349030,location
29107,557164,location
9591,2578920,location
9597,818386,location
9603,523746,location
9622,1118561,location
9624,1715527,location
9625,1720738,location
9627,2610892,location
9631,1126137,location
9632,1422257,location
9633,2312313,location
9637,2316369,location
9638,2013709,location
9641,2610827,location
9642,2018666,location
9643,519917,location
9646,520540,location
9648,818805,location
9650,2014138,location
9655,2611078,location
9656,520960,location
9657,2013703,location
9658,1415885,location
29121,2352089,location
9677,1117486,location
9690,1416102,location
9691,520046,location
9693,1715715,location
9696,519981,location
9703,519981,location
9705,1415436,location
9714,2614760,location
9719,568892,location
9731,1118855,location
9736,1122174,location
9738,839000,location
9740,1135509,location
29143,2610802,location
9773,1415463,location
9794,2610779,location
9800,1718323,location
9823,1161828,location
9829,2057519,location
9832,564986,location
29163,1416026,location
9854,2312021,location
9876,2311972,location
9888,818387,location
29168,1118347,location
9893,2013973,location
9896,1125524,location
9901,2627073,location
9907,864346,location
9911,1715263,location
29178,1124030,location
9913,2326309,location
9914,2013532,location
9919,1793082,location
9920,819151,location
9935,819496,location
9938,520552,location
9938,2627056,location
9938,1117511,location
9938,818387,location
29184,520046,location
9941,1717881,location
29186,2012989,location
9947,1732862,location
9950,827965,location
29196,2638289,location
9974,1769855,location
9996,520794,location
9999,1117717,location
29200,558242,location
10006,1715145,location
29205,2628244,location
10029,1418713,location
10031,2610959,location
10037,529364,location
10039,2013538,location
10045,2013561,location
29209,520160,location
10052,527386,location
29214,1116896,location
10068,2611859,location
10078,830885,location
29220,1137630,location
29225,1463241,location
10095,2019542,location
10102,532268,location
10115,1116958,location
10135,832706,location
10140,1118939,location
10159,1418390,location
10171,1740212,location
10173,2013816,location
10180,1415715,location
10181,2611464,location
10182,818396,location
10183,831511,location
10196,1743791,location
10210,2013779,location
29249,1716457,location
10226,2611139,location
10229,819934,location
10234,1117799,location
10234,1740216,location
10247,818398,location
10249,2313219,location
10258,1416391,location
10269,1415437,location
10274,1714942,location
10275,819238,location
29267,2311980,location
10279,2611853,location
10285,831268,location
10288,1116895,location
29271,1118229,location
29273,820079,location
10295,1117052,location
29276,818652,location
10317,1117310,location
29278,2327063,location
29281,1720872,location
29281,1715845,location
10322,519929,location
29288,2612223,location
29289,2012921,location
10361,2014256,location
10364,2611224,location
10369,2611049,location
10371,825651,location
10382,1715372,location
29291,2610827,location
29293,2012921,location
29294,2012921,location
10390,818787,location
10399,1116955,location
29295,2611050,location
10420,2610799,location
29297,1719936,location
10423,1435341,location
10431,2312183,location
10432,2024323,location
10457,2610830,location
29305,534665,location
10463,1721680,location
29308,1468929,location
10487,520975,location
10511,1717856,location
10512,818406,location
10515,1721316,location
10516,2013898,location
10520,1421367,location
10525,1422143,location
29318,833054,location
29323,1721197,location
29329,1418365,location
29330,1714984,location
10580,1431311,location
10595,1716169,location
29355,1431529,location
10617,1117486,location
10618,818694,location
29364,1305642,location
29368,1117577,location
10636,2014803,location
29373,2645888,location
10648,2610825,location
10653,2611026,location
10656,1419270,location
29378,834349,location
10659,820438,location
29382,2013685,location
10687,2312905,location
10691,831274,location
10695,2623102,location
29388,771730,location
10701,1436251,location
10710,1118281,location
10720,2312236,location
10741,2610782,location
10741,519914,location
10744,819178,location
10750,2359776,location
10771,519914,location
29416,1152937,location
29418,1118347,location
29419,522352,location
10791,520207,location
10792,819176,location
29421,2264943,location
10795,2614441,location
10807,2311975,location
29425,1416190,location
29428,1715543,location
29429,835369,location
10854,1430458,location
29440,1418570,location
10868,1416369,location
29442,522352,location
29443,818575,location
10891,2616611,location
29445,2014612,location
29449,2013493,location
10901,2620751,location
10904,1715889,location
10934,2013003,location
10942,822895,location
29458,2311975,location
29459,520207,location
10963,519981,location
29464,2310262,location
10988,1118939,location
29469,2012922,location
29469,1116856,location
29469,1116840,location
11009,2314198,location
11012,520046,location
11016,2610788,location
11026,1718485,location
29479,2315283,location
11028,1116906,location
11031,2612769,location
11032,1714923,location
11033,2611738,location
29482,1415676,location
29483,1118412,location
11037,2610868,location
11040,1715375,location
11049,2632468,location
11054,1461888,location
11056,1418864,location
11057,2016880,location
11058,1722294,location
11061,819315,location
29491,1415585,location
11064,1117908,location
11068,826069,location
11070,1715995,location
11074,1457775,location
11080,2012967,location
11081,2311975,location
11088,2012920,location
29498,1722949,location
11094,1116861,location
11096,1118560,location
11105,2013043,location
11106,2315552,location
11110,2859924,location
11111,1119378,location
11112,2311969,location
11115,1122119,location
11118,823840,location
11128,2618063,location
11130,1418501,location
29509,1116912,location
29510,2322673,location
11139,2346975,location
11144,1718554,location
11144,522846,location
11146,1415449,location
11149,2545846,location
11153,519927,location
11159,2312976,location
11160,2330199,location
11161,1421507,location
11166,2016418,location
11171,522383,location
11174,819348,location
11177,2611626,location
11181,519928,location
11185,1714942,location
11186,1742248,location
29522,521700,location
11188,2610799,location
11190,538664,location
11194,2020455,location
11198,818403,location
11201,2091056,location
11204,2312309,location
11205,2334947,location
11207,2628788,location
11208,2312558,location
11210,1119560,location
11211,823835,location
11212,2015498,location
11219,1117837,location
11221,1714970,location
11223,520834,location
11230,2012998,location
11232,1715279,location
11235,519911,location
11236,2613761,location
11244,520074,location
11250,1116869,location
11251,1714933,location
11257,1416391,location
11261,1117884,location
11268,818654,location
29531,1116840,location
29532,818650,location
11271,818386,location
11278,2312127,location
11283,1123423,location
11291,2016418,location
11292,2012992,location
11293,1415676,location
11299,2637667,location
11310,520518,location
11312,2610797,location
11314,2611685,location
11317,2610774,location
11320,1116958,location
11321,1715372,location
29544,1118846,location
11322,2312701,location
11323,1415436,location
11324,1116906,location
11325,1993197,location
11326,2022926,location
11330,2321712,location
11332,1128580,location
11337,2311975,location
29554,844247,location
11347,827616,location
11350,818930,location
11352,2615188,location
11354,1715002,location
11364,2015583,location
11367,1415436,location
11390,2027899,location
11395,1117115,location
11401,1117906,location
29575,826979,location
11404,1715830,location
11404,519914,location
11407,531001,location
11410,2012921,location
11431,520701,location
11436,533120,location
11441,519922,location
11444,831150,location
11449,1415450,location
29588,2316052,location
11460,1417437,location
11461,520046,location
11466,522132,location
29591,818797,location
11477,837807,location
11486,830407,location
11487,1420840,location
11494,2317860,location
11495,522886,location
11496,1116874,location
11499,1117931,location
11509,2012920,location
11510,1714922,location
29601,2311975,location
11512,2610892,location
29603,1715261,location
11525,1122153,location
11527,819364,location
11527,1715912,location
11529,1416390,location
11530,1416925,location
11531,1129039,location
11535,2026409,location
11537,2312430,location
11545,1732076,location
11549,2317255,location
11551,1417652,location
11552,833420,location
11554,519924,location
11555,1728384,location
11565,520929,location
11582,1415678,location
11590,1117672,location
11593,2022824,location
11599,818386,location
11600,1935641,location
11601,2014548,location
11602,2013938,location
11611,1422287,location
11619,521282,location
11621,824433,location
11623,2392546,location
11629,519928,location
11631,1457889,location
11634,520046,location
11635,1415526,location
11640,2019542,location
11641,832033,location
11644,818728,location
11648,2013001,location
11657,2620280,location
11659,528430,location
11666,522108,location
11669,2012921,location
11672,2014275,location
11674,1720123,location
11676,2016332,location
11682,519984,location
29634,520540,location
11692,831865,location
11696,1415436,location
11701,1420840,location
11708,875295,location
11710,528492,location
11716,1730772,location
11723,520207,location
29660,520455,location
11729,522816,location
11729,1865925,location
11735,1118229,location
11736,2685103,location
11739,2046102,location
11741,2317838,location
11742,2612722,location
11744,2313869,location
11746,2630894,location
11751,1117598,location
11753,522904,location
11762,1416377,location
11763,2013212,location
11764,2313043,location
11767,818409,location
11768,2018673,location
11778,1719936,location
11779,1117491,location
11784,2316526,location
11785,1418213,location
11787,1118737,location
11789,2611360,location
11792,819392,location
11798,1119541,location
11808,1422264,location
11809,1719885,location
11812,519914,location
11817,2321020,location
11818,526546,location
11819,2611670,location
11830,1120501,location
29661,818407,location
11836,1125633,location
11841,857269,location
11850,1718575,location
11853,1457696,location
29667,820292,location
11859,2013561,location
29669,2613594,location
11860,1716012,location
11867,818392,location
11874,2312356,location
11878,520046,location
11882,1145568,location
11885,1116861,location
11887,1715102,location
11888,1117478,location
11889,1441086,location
29680,519926,location
11891,1126320,location
11893,1415470,location
11895,1116914,location
29684,1129779,location
11897,2611493,location
11899,2317938,location
29690,2318818,location
29691,1719785,location
11911,818835,location
11915,1116861,location
11921,520516,location
11923,2017195,location
11936,2639158,location
29701,1417953,location
11939,2312183,location
11940,1714933,location
11943,2313068,location
11944,2611696,location
11947,2312021,location
11951,1415716,location
11956,2611738,location
11957,823408,location
11962,821711,location
11964,2622397,location
11966,2315948,location
11975,530724,location
11976,2325649,location
11988,2311975,location
11989,2354501,location
11991,2615964,location
11994,1116861,location
29711,1714934,location
29711,818416,location
29711,820647,location
29711,540588,location
29711,1415462,location
29711,1714952,location
29711,1714954,location
29711,2311985,location
11997,2612319,location
29714,1714937,location
12001,520046,location
12002,2610774,location
12004,2843099,location
12005,819461,location
12007,2015219,location
12015,1120843,location
12020,2315906,location
12026,1116861,location
12031,2613320,location
12033,825500,location
12037,520490,location
12038,525910,location
12041,1117799,location
12042,1415470,location
12052,1116874,location
12058,2316094,location
12068,2611440,location
12074,1116882,location
29731,520703,location
29736,1120005,location
29740,1715845,location
29741,2311970,location
12086,2311975,location
12091,2611571,location
12100,520087,location
29753,2012973,location
29755,2039964,location
29756,1117188,location
29758,1727054,location
29767,2610788,location
12104,2611416,location
29772,1741407,location
12111,818835,location
12125,1417802,location
12128,1759083,location
12132,2619532,location
12132,2610825,location
12134,1116851,location
12142,2747287,location
12142,2637840,location
12159,2043137,location
12163,1415455,location
12167,2616701,location
12172,2027099,location
12175,2013538,location
12177,2312949,location
12179,1429145,location
12182,521725,location
12188,520960,location
12195,2611782,location
12200,2322785,location
12201,1719786,location
12202,1735719,location
12204,2615549,location
12207,1723884,location
12213,1751014,location
12214,2356934,location
12216,2017341,location
12218,1714973,location
12231,2313064,location
12243,2615587,location
12248,1422264,location
12251,520851,location
12254,1419075,location
12268,1452249,location
12300,818422,location
12306,2616549,location
12317,1715828,location
12323,2611738,location
12324,2646272,location
12329,2020588,location
12332,2015468,location
12335,561742,location
12344,532032,location
12346,1116962,location
12349,2618374,location
12351,1116880,location
12354,2324968,location
29773,519986,location
12371,520249,location
12374,1415992,location
29784,818386,location
29790,548627,location
12400,520734,location
12401,2013703,location
12402,2012931,location
12412,1415524,location
29799,1714912,location
29801,1415481,location
12417,522072,location
29808,2049153,location
12456,2614261,location
29814,823355,location
29815,1416511,location
12460,1418082,location
12467,1116895,location
12471,1429886,location
29819,2033702,location
12479,2014275,location
12487,2312127,location
12490,2366227,location
29829,565527,location
12496,2611192,location
12505,1415505,location
12507,2629521,location
12514,2021800,location
12515,2012931,location
29847,2610846,location
12516,2012931,location
12517,1417241,location
12520,2013226,location
12523,2326799,location
12525,1715837,location
12528,2611731,location
12533,818694,location
12539,2611015,location
12542,1416192,location
12545,520960,location
12547,2610827,location
29850,1132773,location
29854,2012921,location
29861,1420221,location
12562,2610779,location
12575,2656054,location
12577,2312937,location
12587,1117866,location
12588,523781,location
12593,2317335,location
12595,2613781,location
12599,2611367,location
12604,1124082,location
12607,1415808,location
12610,820839,location
12615,825380,location
12623,819319,location
29872,2071722,location
12629,2013506,location
12631,2366770,location
12642,1116851,location
12651,2049234,location
29877,2012920,location
12665,1117476,location
12670,818407,location
12676,2655280,location
29880,521533,location
12697,2796165,location
12711,1721316,location
12724,2614640,location
12730,520123,location
29886,1415621,location
12742,1117310,location
12746,2645378,location
12747,1423454,location
12758,1715838,location
12769,1427994,location
12772,1116845,location
12775,1717333,location
12780,819806,location
12785,1415436,location
12786,1417924,location
29894,1440565,location
12804,2622386,location
12806,825363,location
12808,821608,location
12812,519926,location
12826,818643,location
12831,525892,location
29912,818386,location
29914,818650,location
12833,1167804,location
29917,2013136,location
12851,1117807,location
12855,1116878,location
12868,2336771,location
12884,1744780,location
12891,2621492,location
12896,520913,location
12907,2610826,location
12917,1116868,location
12932,531180,location
12934,1116872,location
12940,2566988,location
12940,1026496,location
12944,519926,location
29935,2018663,location
12956,2314472,location
12956,1117947,location
12957,2326515,location
12961,1423603,location
12966,1416959,location
12971,1116958,location
29942,2611026,location
12978,1434092,location
12979,2312051,location
12989,2013561,location
12992,1725012,location
12992,2311970,location
12997,530019,location
13002,2625657,location
13003,1423017,location
29949,2627630,location
13005,2614026,location
13005,819466,location
29950,1458424,location
13022,1116907,location
13037,2611781,location
13043,530062,location
13049,1715526,location
13053,1117486,location
13056,1419807,location
29956,2312049,location
13069,525082,location
13073,1716148,location
13077,2020006,location
13098,1118091,location
29967,1416058,location
13108,821541,location
13121,520543,location
29976,2611045,location
29976,556587,location
29976,2610779,location
29978,1122836,location
29978,1415472,location
29979,2610788,location
13132,520046,location
29984,1720872,location
13136,520540,location
13159,2326740,location
13164,2313421,location
13167,1173825,location
13192,2614075,location
13195,1445790,location
13212,1415523,location
13213,2610826,location
13218,1415716,location
13236,2315607,location
13239,2311975,location
13242,1416054,location
13245,2315542,location
30003,2646283,location
13246,1417652,location
30004,1415501,location
30004,2611697,location
13256,819069,location
30006,819238,location
13265,818477,location
13269,2012922,location
13275,2019107,location
30018,2268152,location
13312,1716505,location
13315,1715070,location
13317,2013561,location
30025,1498658,location
13327,2611672,location
30028,2860842,location
13337,1755364,location
13340,2611672,location
13376,1730762,location
30033,1416192,location
13404,1417652,location
13405,1131794,location
30037,2616008,location
30041,819242,location
13426,1714945,location
13437,526796,location
30053,1164818,location
13454,2312915,location
13484,2610790,location
13493,2312004,location
30078,1715543,location
13524,1117310,location
13528,2611754,location
13534,1117511,location
13539,1415523,location
30109,2592325,location
13570,2012973,location
30117,1415463,location
13595,2313207,location
13605,519970,location
13607,818427,location
13610,1720393,location
30124,2312588,location
13625,1420191,location
30131,2898711,location
13639,2335833,location
13649,830828,location
13656,2017603,location
13676,519980,location
13678,1119016,location
30135,1871138,location
30137,520207,location
30141,1121675,location
13706,520518,location
30144,1740166,location
30145,818575,location
13714,1442631,location
13752,573791,location
13783,1117800,location
30160,1715803,location
13825,529447,location
13826,1117884,location
13827,2612087,location
13836,1118229,location
13842,2610931,location
13853,1415676,location
13860,831065,location
13861,2312976,location
13867,1714934,location
13876,1415436,location
13877,818386,location
13877,2012920,location
13877,2311975,location
13877,2012921,location
13882,2311975,location
13893,1415502,location
13896,822547,location
13897,2012921,location
13898,565036,location
13901,1416084,location
13902,2312024,location
13910,1116868,location
13916,1419806,location
13918,818828,location
13919,865022,location
13923,537683,location
13925,520046,location
13931,1116895,location
13940,1431069,location
13941,1415436,location
13946,2312689,location
30192,1117604,location
13953,843700,location
13954,818398,location
13958,520046,location
30197,1119789,location
13972,823832,location
13976,2317255,location
13979,1715841,location
13983,1120026,location
13986,818418,location
13989,2318673,location
13990,1119887,location
13995,2612317,location
13997,1415638,location
30206,1506816,location
13998,1715803,location
14000,1415456,location
14001,519999,location
30207,2311969,location
14009,1715881,location
14011,818386,location
14012,2611672,location
14015,2012992,location
14016,2312051,location
14018,1731872,location
14019,2611395,location
14020,2311972,location
14027,2013347,location
14032,2012973,location
14033,2313048,location
14035,2012973,location
14038,520344,location
14039,1416346,location
14049,2312002,location
14050,1416011,location
14054,2311972,location
30217,2013227,location
14059,527759,location
14059,1416369,location
14062,523319,location
14063,1715189,location
14065,1715275,location
14070,1418878,location
14070,2327245,location
14071,818405,location
14076,2312104,location
14079,2012921,location
14083,2312554,location
14085,520455,location
14086,2013136,location
14105,1117837,location
14107,1158927,location
14111,522132,location
14119,2013240,location
14135,2012920,location
14135,2311975,location
14135,2012921,location
14137,2014620,location
14142,2013921,location
14144,2012921,location
14151,2015844,location
14155,818831,location
30236,1117014,location
30237,1415685,location
14163,1418864,location
14168,2611503,location
14170,1416216,location
14172,2311975,location
14174,2018765,location
14176,2315609,location
14180,2017994,location
14183,2611018,location
14187,819383,location
14191,1415436,location
14203,2013240,location
14204,1116851,location
14208,1117478,location
14216,2165972,location
14217,2624592,location
14225,2611017,location
14235,1416241,location
30256,520046,location
14240,1416084,location
14242,1417058,location
14246,2013285,location
14247,818386,location
14253,1131311,location
14257,1715003,location
14265,1415436,location
30260,2318711,location
14275,2317987,location
14276,520469,location
30262,1444239,location
14277,819339,location
14279,522725,location
30266,2320876,location
14298,2617573,location
14302,820266,location
14303,1117799,location
14305,707475,location
14311,1430387,location
14313,2611763,location
30273,818648,location
14320,2312916,location
14338,2312699,location
14339,2386890,location
14343,520046,location
14348,523392,location
14353,2021779,location
14356,1117198,location
14357,1687403,location
14365,2351078,location
14367,1416527,location
14372,2611503,location
14373,530522,location
30288,822840,location
14388,2624343,location
14391,520851,location
14392,1732076,location
14393,1715835,location
14399,2026382,location
14400,829451,location
30295,2611416,location
14406,818407,location
14418,1415501,location
14419,2013002,location
14421,522132,location
14422,519911,location
14423,1164224,location
14423,865532,location
14423,1761851,location
14423,1462139,location
14428,2615048,location
14430,524708,location
14435,1117837,location
14436,1128510,location
14439,1715259,location
14448,2018668,location
14451,1125752,location
14463,2611651,location
14464,2610868,location
14469,819236,location
14471,1118064,location
14478,1719029,location
14478,2013991,location
14480,2013038,location
14481,2013267,location
14485,2012922,location
14486,1167119,location
30309,818396,location
30310,2610791,location
14495,520095,location
14499,2616669,location
14500,2611563,location
14501,520883,location
14513,1117837,location
30315,520933,location
14520,1454695,location
14521,2060884,location
14526,2316045,location
14529,2610828,location
14536,2545846,location
14539,2312649,location
14541,2610802,location
14543,2312207,location
14552,2013002,location
14561,2611630,location
14563,535811,location
14565,525569,location
14568,1714982,location
14576,2610799,location
14580,2326702,location
14581,522496,location
14583,523715,location
14584,2012947,location
14589,2325754,location
14590,2316986,location
14594,1416216,location
14608,1428490,location
14613,1752489,location
14614,2629537,location
14624,2615208,location
14626,2610827,location
14631,1426088,location
14641,1123536,location
14643,2013109,location
14646,1721791,location
14649,520225,location
14651,519999,location
14659,519926,location
14661,1415694,location
14662,2313682,location
14664,835383,location
14678,2612257,location
14688,548984,location
14693,2313042,location
14698,2620529,location
14699,1715260,location
14700,893358,location
14703,525638,location
30335,2329932,location
14709,2610779,location
14723,818826,location
14728,2341328,location
14729,1716969,location
14737,818694,location
14740,2612743,location
14743,520046,location
14744,1428796,location
14746,1752544,location
14750,1116926,location
30344,2452687,location
14753,2315283,location
14758,2013542,location
14761,2019457,location
14764,1117779,location
14766,2014130,location
30354,522817,location
14771,1130671,location
14790,2613386,location
14791,1719254,location
14798,1715844,location
14803,2610800,location
14809,819276,location
14815,520046,location
14817,2315329,location
14820,2315930,location
14831,1170443,location
14837,2614331,location
14841,1420637,location
14842,1715841,location
14845,1116958,location
14846,2615248,location
14848,2611017,location
14848,1116840,location
14851,2652380,location
14879,1719042,location
14893,1417050,location
14894,522522,location
14897,1415436,location
14900,819189,location
14903,1729526,location
14907,2611781,location
14909,819343,location
14911,819520,location
14915,2610864,location
14918,1715635,location
30387,1118412,location
14926,844166,location
14936,822553,location
14949,1416054,location
14957,524281,location
30403,1415876,location
30404,824662,location
30406,1415632,location
14965,2012977,location
14966,1141494,location
14967,2012977,location
30411,2312822,location
30416,1714921,location
14971,2018765,location
30422,2013226,location
14974,2013500,location
30425,2610802,location
30426,2317232,location
30429,1740665,location
14989,2614792,location
15006,1143815,location
15012,1127557,location
15014,1443143,location
15020,1125542,location
15023,2040855,location
15030,1436493,location
15032,2313886,location
15033,1753574,location
15036,1117052,location
15038,1432682,location
15040,1714955,location
15050,1715511,location
15052,2350223,location
15053,2017772,location
15057,2015664,location
15067,2616337,location
15074,1765820,location
15076,2319888,location
15079,1117213,location
15081,2315337,location
15092,855676,location
15097,1133917,location
15105,1720951,location
15106,1425518,location
15110,1716543,location
15114,1415505,location
15115,1674015,location
15118,1721459,location
15128,2650176,location
15129,2325882,location
15135,1728318,location
15144,859325,location
15146,1117486,location
15148,2614205,location
15151,2023432,location
15152,1117880,location
15163,1723964,location
15174,520469,location
15175,823973,location
15176,825298,location
15182,1415524,location
15200,1421921,location
15216,1118220,location
15218,1463388,location
15235,2014265,location
15237,2014803,location
15243,1141487,location
15244,2610863,location
30450,2319586,location
30450,2313040,location
15252,2570608,location
15266,818993,location
15277,2652816,location
30455,2610790,location
15288,1415470,location
30464,819425,location
30465,2320949,location
15299,2387032,location
15303,1118347,location
30471,2314454,location
30473,1416803,location
30481,526534,location
15324,1429017,location
15330,521476,location
15333,2012973,location
15342,819119,location
15343,527859,location
15352,521722,location
15360,1116878,location
15362,2013234,location
15365,2322664,location
15366,1158020,location
15384,1421522,location
30494,1714913,location
30496,525797,location
15406,1714913,location
15408,1715279,location
15410,1715142,location
15417,2613109,location
15418,823540,location
30500,1415436,location
30501,2013261,location
30504,823766,location
15434,1714937,location
15439,2319521,location
15459,2318276,location
30511,2012943,location
30511,519914,location
15463,520438,location
15464,2049234,location
30514,1727672,location
15469,2663817,location
15474,1649666,location
15478,2315449,location
15479,1431695,location
15501,863422,location
15510,1715961,location
15514,2013488,location
15520,1122918,location
15528,2319790,location
15538,519924,location
15540,520051,location
15564,2059768,location
15593,1718996,location
15616,520549,location
15637,819496,location
30535,2060816,location
15638,2615031,location
15643,1116845,location
30539,2014278,location
15649,2041337,location
15653,2611731,location
30545,575203,location
15663,2497949,location
15666,2311974,location
15668,821996,location
30546,2610827,location
30547,818386,location
15679,1416677,location
15684,2610802,location
15685,823837,location
15693,2656054,location
15711,2015843,location
15718,568043,location
15727,2610799,location
30566,819998,location
15759,2611049,location
15765,1416421,location
15767,2012973,location
15787,2610808,location
15800,520046,location
15816,819238,location
15821,2330007,location
30586,1134421,location
15833,2317110,location
15834,1714931,location
15835,2013259,location
30593,2013259,location
15841,833302,location
15851,575469,location
15852,2311975,location
30599,1715600,location
15874,2024846,location
15876,1162832,location
30606,819238,location
15895,2312958,location
30609,1729364,location
30610,2352245,location
15911,827196,location
15912,2016212,location
15936,2311975,location
15941,2018523,location
15950,2013226,location
15953,2023500,location
15954,1117310,location
15955,1716765,location
15960,1117799,location
30616,2635716,location
15968,819238,location
15972,1715999,location
15974,1416199,location
15975,1116859,location
15991,818396,location
15992,2620204,location
15993,1416301,location
15998,823695,location
16004,818424,location
16005,2612400,location
30629,1441293,location
16008,2013226,location
30634,2068959,location
16013,1714967,location
30636,1739023,location
16023,1758039,location
16031,2314036,location
16033,2610827,location
16036,2612052,location
16038,820642,location
16039,2611651,location
16049,1724386,location
30648,2013207,location
30649,2611703,location
30652,1157457,location
16052,855509,location
16053,819343,location
30659,523213,location
16094,2610774,location
16097,1415962,location
30662,857198,location
30663,843800,location
30665,825815,location
16119,2617876,location
30667,1415470,location
16132,2063539,location
16133,2610776,location
16139,2320216,location
16143,2325036,location
16145,1116898,location
16170,2012972,location
30673,2465348,location
16172,2610782,location
16172,519914,location
30674,2316813,location
30677,2610782,location
30677,519914,location
16192,1134148,location
16198,1724923,location
16224,2665706,location
16226,2312591,location
16233,1121230,location
16238,2313015,location
16245,2313634,location
16263,521012,location
30692,519914,location
16284,1120809,location
30694,2012987,location
30696,1871138,location
30698,1714944,location
30699,1082517,location
16296,2320593,location
16307,2013397,location
16310,1715999,location
16310,1416962,location
30706,2013991,location
16313,2610800,location
16340,1715148,location
16371,2012973,location
16372,1714937,location
16375,1718917,location
16392,1418804,location
16393,2055195,location
16397,1119297,location
16417,819113,location
16421,2371153,location
30733,1116915,location
16438,1156187,location
30737,1568410,location
16443,2613107,location
30738,2610779,location
30741,2610913,location
30741,1415524,location
30750,843294,location
16473,540568,location
16480,1416823,location
30754,1729739,location
30758,2031036,location
30761,2022788,location
16535,1715844,location
30769,522352,location
16542,1715825,location
16544,1117810,location
16564,1714913,location
30772,520207,location
16566,1714931,location
16567,2624142,location
30783,1121675,location
16597,2317758,location
16600,818387,location
16646,1965420,location
16646,519914,location
30791,821452,location
16746,520046,location
16747,1415436,location
30810,2610973,location
16752,1116874,location
30815,834803,location
16757,1415678,location
16762,1416200,location
16769,520046,location
30821,819347,location
30821,1715158,location
16772,1116840,location
16772,2611017,location
16774,1714913,location
16775,822781,location
16778,1417057,location
16786,2013212,location
16788,822862,location
16790,2315333,location
16791,2323785,location
16793,2312694,location
16794,2311968,location
16798,2264576,location
16818,2026934,location
16820,2012921,location
16833,1191995,location
16842,1745005,location
30837,2312002,location
16853,1416241,location
16859,2618372,location
16862,2616079,location
16865,520046,location
30843,522460,location
16870,835437,location
16872,1733805,location
16875,2311974,location
16876,1741560,location
16879,1116958,location
16884,833848,location
16885,2013779,location
16886,2610863,location
16888,2610962,location
16888,559127,location
16899,2637797,location
16901,1118740,location
16903,2312207,location
16905,2611416,location
16906,520490,location
16921,2022337,location
16924,1715791,location
16927,2610974,location
16928,1116861,location
16933,1719036,location
16935,2312616,location
16938,1722868,location
16953,1732966,location
16956,2012920,location
16962,2312104,location
16965,818404,location
16968,1718739,location
16975,1416421,location
16978,2611804,location
16983,1418268,location
16985,822905,location
16987,2027622,location
16989,819448,location
16991,2014878,location
16999,1416353,location
17001,1117779,location
30854,2312900,location
17013,2015844,location
17015,818392,location
17020,1117907,location
17024,520518,location
17025,520997,location
17027,520207,location
17028,2612319,location
17034,2611078,location
17035,1423017,location
17040,1117133,location
17043,1419937,location
17046,1714970,location
17068,1714985,location
17072,2611493,location
17077,1116864,location
17079,1715798,location
17081,853621,location
17083,2313048,location
17084,1715498,location
17086,1717856,location
17088,2616850,location
17089,1123853,location
17090,1117043,location
17091,820646,location
17092,2012931,location
17093,1417687,location
17095,2312207,location
17097,2610913,location
17112,2312138,location
17113,1714915,location
17117,1117779,location
30879,1416163,location
17131,2315337,location
17144,2795326,location
17161,853487,location
17165,2312144,location
17167,2019542,location
30894,1714984,location
17170,2610779,location
17171,521502,location
30902,2627619,location
17191,1428512,location
17195,2020954,location
17205,1120833,location
17212,519917,location
17217,2313370,location
30912,1171629,location
17235,520046,location
17238,819339,location
30916,2313008,location
17246,2317363,location
17247,2011705,location
17252,2013860,location
17253,2013226,location
17254,2012920,location
17260,818650,location
17271,1434449,location
17273,520046,location
17277,2012940,location
17278,1415998,location
17287,555289,location
17290,2613014,location
17291,1415524,location
17295,1116884,location
17300,521281,location
17301,1721680,location
17315,1416076,location
30934,2012927,location
17320,818643,location
17321,1131806,location
17323,2340261,location
17328,844257,location
17334,819092,location
17348,519917,location
17352,2322510,location
17353,835821,location
17354,818399,location
17355,1715889,location
17356,520168,location
17358,1732076,location
17363,1744672,location
17377,1118067,location
17384,819383,location
17389,830217,location
17390,1727312,location
17396,2013226,location
17398,1715823,location
17400,1431172,location
17403,530233,location
17408,819365,location
17418,2611672,location
17422,1416363,location
17426,520046,location
17428,2611489,location
17432,1117807,location
17435,2312901,location
17436,859410,location
17437,521825,location
17444,2012967,location
17450,2014274,location
30964,520151,location
17454,1127142,location
17456,1123457,location
17461,1715551,location
17462,525505,location
17469,2313634,location
17470,2013296,location
17473,2020785,location
17474,2316630,location
17478,2875059,location
17480,2317974,location
17485,548465,location
17491,1121910,location
17492,579505,location
17495,2616196,location
17496,2013168,location
17498,2013252,location
17499,2312937,location
17500,2357084,location
17508,2611344,location
17510,538374,location
17514,2038018,location
17516,1416043,location
17517,1719764,location
17531,1117885,location
17543,2015232,location
17545,1132790,location
17548,2651966,location
17551,2617281,location
17553,530537,location
17565,2327681,location
17569,2312147,location
17571,1716007,location
17572,2013961,location
17579,2611950,location
17594,520911,location
17611,519970,location
17615,2315329,location
17619,827046,location
17627,2012940,location
17632,1420492,location
17634,818387,location
17637,1117531,location
30990,2012921,location
30991,831538,location
17649,1715158,location
17671,1119105,location
17672,2610830,location
17673,818392,location
17676,2313366,location
17676,2646670,location
31000,1116882,location
17689,2456476,location
17692,2664727,location
17693,819117,location
17693,1173826,location
17697,818694,location
17698,1125118,location
17704,2357871,location
17705,2313824,location
17707,2615583,location
17709,1714972,location
17711,1720913,location
17712,1420346,location
17714,2014288,location
17715,520046,location
17716,520831,location
17717,1732488,location
17719,519914,location
17720,2624692,location
17728,1717816,location
17749,2610774,location
17751,2312208,location
17752,520878,location
17754,2312051,location
17756,1715142,location
17761,832018,location
17763,558074,location
17765,2015065,location
31023,1116896,location
31025,1715159,location
17781,2614439,location
31035,841895,location
17791,1073784,location
17800,1116856,location
31038,1717330,location
17805,1425836,location
17808,536648,location
17812,2313224,location
17821,843645,location
17824,520539,location
17826,2015232,location
31052,2013779,location
31053,2013203,location
17830,2018749,location
31055,1117014,location
31057,2318966,location
17839,2012921,location
17842,1721069,location
17843,2612043,location
17844,2312609,location
17845,2312973,location
17850,2030143,location
17852,1117856,location
17855,2013226,location
17857,1719241,location
17858,818707,location
17859,2038375,location
17860,833914,location
17863,2620529,location
17864,2015989,location
31070,1143191,location
17868,832189,location
17881,2312207,location
17882,2012921,location
17889,1722617,location
17897,1715863,location
17899,818399,location
17904,822038,location
17917,1116854,location
17918,2014562,location
17923,2022969,location
17924,2023890,location
17925,2611045,location
17938,2426466,location
17940,1735832,location
17943,2347089,location
17949,1714938,location
17953,1428698,location
17956,1718074,location
17957,2313012,location
17973,1415962,location
17976,821495,location
17979,2610788,location
17983,1126509,location
31073,1117810,location
17985,2025386,location
17991,829348,location
17993,520947,location
17994,2649328,location
17995,2611502,location
17999,823766,location
18003,1415529,location
18006,1749554,location
18012,1722228,location
18020,2312236,location
18023,2652177,location
18025,560196,location
18027,2366804,location
18029,1426656,location
18030,1415962,location
18033,846976,location
18036,1720885,location
18040,1420222,location
18045,530625,location
18058,2321948,location
18064,2318322,location
18067,1417474,location
18073,2351922,location
18078,2020188,location
18079,1460351,location
18080,1116851,location
31076,520046,location
18090,1417652,location
18092,1415481,location
31079,1116926,location
18096,852819,location
18097,2644773,location
31084,1119048,location
18101,1116882,location
31093,1116896,location
31094,2055097,location
18114,2611045,location
18117,1118561,location
18121,2311975,location
18126,663782,location
18134,2314622,location
18137,2610790,location
31109,2053856,location
18150,1715477,location
18157,2015094,location
31120,519919,location
18187,2013493,location
18194,522099,location
18198,1418268,location
18199,2014803,location
18203,1145580,location
18205,2312022,location
18207,1715837,location
18209,2316646,location
18211,2875058,location
18232,2611018,location
18237,818475,location
18242,2012931,location
31146,2610826,location
18247,1117478,location
18251,2316055,location
18255,2315580,location
18262,1423671,location
18274,2012931,location
18276,1428952,location
18283,2014508,location
18288,820860,location
31154,537807,location
18291,1420854,location
31155,1122819,location
18312,2012973,location
18322,528930,location
18330,1415463,location
18335,2013136,location
18346,1730465,location
18347,1415998,location
18347,824773,location
31167,2012921,location
31172,1415436,location
18394,1117420,location
18412,1116921,location
18414,1117126,location
18420,1738131,location
18424,2326034,location
18433,2312958,location
18441,1730902,location
18473,819496,location
18474,819178,location
18476,2013938,location
18478,1416035,location
18482,2612400,location
18487,519909,location
18489,1122869,location
18516,1119228,location
18519,818387,location
31205,2017474,location
31205,519914,location
18524,2647560,location
18538,818534,location
18544,2055664,location
18551,2320368,location
18555,1726887,location
18557,2016332,location
18558,519909,location
18559,818831,location
18560,2312029,location
18573,2263907,location
18578,520046,location
18580,1750439,location
31218,1750264,location
31219,1715791,location
18601,1715372,location
18602,519926,location
18616,1117658,location
18618,821142,location
18625,2611017,location
18627,2610790,location
18643,1416241,location
18649,1415436,location
18654,818797,location
18667,520177,location
18670,2611838,location
18676,519926,location
18680,1152204,location
18688,2311975,location
18692,818650,location
31234,1433212,location
18712,1416962,location
18728,1431096,location
31237,823645,location
18734,819242,location
18747,2611346,location
18755,2325912,location
18756,522845,location
18759,1715170,location
18767,521547,location
31244,836605,location
18772,2312236,location
18773,2317110,location
18777,1131268,location
18790,2616701,location
18801,2247925,location
18802,818694,location
18813,2323568,location
18815,827010,location
18822,2611346,location
18824,532342,location
31262,2311970,location
18825,1715956,location
18836,828200,location
18837,1735233,location
18841,1418804,location
18843,2611018,location
18851,1073784,location
18852,520883,location
18855,2013226,location
18874,1716169,location
18893,2013207,location
31278,526153,location
18899,1117837,location
18903,519926,location
18913,819238,location
18917,855214,location
18923,2610892,location
31280,1721736,location
31282,818731,location
18932,819450,location
31287,2610788,location
18951,2610785,location
18956,819164,location
18957,2013560,location
31291,861185,location
31292,2619619,location
18976,2012971,location
31302,2013252,location
18983,818396,location
18983,2611678,location
19003,859996,location
19011,2610802,location
19011,1715072,location
19011,2312049,location
19011,1116842,location
19011,2610963,location
19011,818563,location
19012,2012979,location
19013,1716925,location
19036,2568609,location
19062,2610861,location
19069,1422851,location
31310,2029037,location
19071,2017195,location
19077,818840,location
19085,1125118,location
31325,2013207,location
31328,1431311,location
31334,2042749,location
31337,818707,location
19161,1117798,location
19163,1416040,location
31349,1738749,location
31351,2611320,location
19174,2610812,location
31352,1116926,location
19190,2013397,location
19191,1415962,location
31358,2029694,location
31363,2013396,location
19209,1714984,location
19217,2014679,location
31365,2349908,location
31368,1416043,location
19235,819346,location
19244,1715681,location
31373,2041025,location
31373,2318741,location
19257,1417802,location
19259,2623014,location
19261,1416040,location
31377,1116846,location
19274,2018918,location
31382,521926,location
31383,2054451,location
19283,1676137,location
19285,2324891,location
31389,2311970,location
31391,1122709,location
19289,1116926,location
19303,1719289,location
19303,519914,location
19306,520834,location
19326,1715830,location
19326,519914,location
19327,519914,location
19331,2616221,location
19331,519914,location
19337,2610799,location
19344,1116840,location
31411,1873807,location
31411,519914,location
19358,1121321,location
19358,519914,location
31416,1740000,location
31427,520207,location
19440,2013779,location
19455,547990,location
19455,519914,location
19459,820298,location
19460,2611360,location
31441,2016867,location
19469,1420465,location
19475,2012973,location
31448,1714923,location
19498,2012920,location
19508,2610825,location
31455,525186,location
19530,2314174,location
19533,2012920,location
19544,2012967,location
31460,519926,location
31461,2015357,location
19552,1714937,location
31464,521433,location
31464,519914,location
19571,2013538,location
31466,818650,location
19592,819343,location
19595,819458,location
19601,1459553,location
19603,1433561,location
19605,837807,location
19609,519909,location
19611,1715995,location
19620,2610791,location
19623,2088015,location
19630,520469,location
19637,2012920,location
19637,1116891,location
19637,2610846,location
19638,2617756,location
19642,2614331,location
19643,1170443,location
19650,845315,location
19651,2316185,location
19657,2013136,location
19658,2610802,location
19661,2617737,location
19662,1419408,location
19667,2611685,location
19669,520046,location
31490,1325850,location
19674,822192,location
31492,1433394,location
19687,1415529,location
19688,1417418,location
19691,1116874,location
19692,2312224,location
19697,555447,location
19712,1136131,location
19716,2012940,location
19720,1716748,location
19725,2610846,location
19726,2611409,location
19727,845578,location
19731,1117853,location
19743,2613115,location
19745,2610868,location
19747,2017030,location
19751,819424,location
19752,519909,location
19757,519922,location
19758,2641599,location
19762,1125519,location
19765,522725,location
19766,2620813,location
19769,2325852,location
19776,827100,location
19778,1416084,location
19782,2012922,location
19782,1415687,location
31516,2616701,location
19786,1743405,location
19797,2312937,location
19798,1423950,location
19800,2014730,location
19802,2610783,location
19805,2611706,location
19808,1715861,location
19812,2012921,location
19813,832548,location
19815,1714913,location
19817,1711234,location
19819,2324825,location
19823,819466,location
19833,537879,location
19842,1122931,location
19851,2013216,location
31526,1416300,location
19860,1415716,location
19861,2312051,location
19863,2611738,location
19865,1117588,location
19866,2013136,location
19867,2012921,location
19868,2611012,location
19871,1416026,location
19874,1714920,location
19882,520911,location
31533,1715803,location
19887,2610864,location
19890,1415716,location
19893,1116878,location
19895,1729617,location
31539,1122342,location
19903,1117837,location
19910,1418463,location
19911,2013934,location
19913,2313764,location
19923,872219,location
31544,1742041,location
19937,2027471,location
19944,819321,location
19948,1116882,location
19952,2349603,location
19953,2313046,location
19959,2611422,location
19961,1420732,location
19966,1424538,location
19967,2312224,location
19969,1117126,location
19973,2622418,location
19976,520046,location
19980,2013215,location
19981,2313007,location
19984,2610827,location
19994,818407,location
20003,1759983,location
20004,2610771,location
20006,2012940,location
20007,1420863,location
31565,520101,location
20015,857605,location
20024,1118564,location
20034,519909,location
20037,2616964,location
20037,822067,location
20038,525179,location
20046,1427131,location
20055,1744672,location
20057,2611430,location
20061,818583,location
20065,1117491,location
20067,596315,location
20068,2614297,location
20068,1415463,location
20076,2013240,location
20083,1415500,location
20089,2313111,location
20095,2611753,location
20103,2012921,location
20107,1117807,location
20110,520168,location
20111,2314222,location
20113,1715367,location
20115,2016032,location
20117,2024600,location
20119,1419783,location
20121,819339,location
20122,1721316,location
20132,2633116,location
20135,1416192,location
20136,1119541,location
20147,1116861,location
20151,1116842,location
31605,1416956,location
20157,1124848,location
20171,2015857,location
20173,1425085,location
20174,832002,location
20178,2611078,location
20179,2013636,location
20180,1415436,location
20189,2012973,location
31611,2312617,location
20206,2612307,location
20208,2013227,location
20211,2316055,location
31613,2312554,location
20219,1118442,location
20222,1116913,location
20225,819339,location
20231,2013207,location
20236,520168,location
20237,2316246,location
20238,1420256,location
20241,520469,location
20244,1117101,location
20252,1715477,location
20257,1116958,location
20258,1416216,location
20259,1123065,location
20265,1415528,location
20271,1138888,location
20272,1415621,location
20275,1421163,location
20277,2313013,location
20294,1416076,location
20297,2311975,location
20301,2610863,location
20305,1714934,location
20306,1120542,location
31627,519963,location
20313,2013002,location
20314,2013002,location
20316,520046,location
20317,1441961,location
20323,1729224,location
20326,1124512,location
31637,1452923,location
20339,1123573,location
20340,520996,location
20342,1128954,location
20356,1419839,location
20362,1714962,location
20367,2013215,location
20390,1714945,location
20397,1714945,location
20400,821237,location
20413,1725235,location
20415,2027635,location
20415,1570124,location
20416,1415470,location
20417,560630,location
20419,2015826,location
20421,1068682,location
20426,1125344,location
20429,2013934,location
20434,1715480,location
20435,527516,location
20441,2017205,location
20444,1416058,location
20447,819153,location
20455,2314089,location
20459,2614026,location
20463,1716007,location
20465,2339386,location
20470,1415536,location
20475,819436,location
20486,1415676,location
20492,1117305,location
20493,1426480,location
31667,524862,location
31670,1437129,location
20505,525171,location
31682,1117598,location
20512,1716406,location
20516,819520,location
31685,868556,location
20517,2312159,location
20519,1121280,location
20524,1716137,location
20525,1722321,location
20541,2611404,location
20542,1432310,location
20544,2013231,location
20546,1720206,location
20547,1715481,location
31688,1120279,location
20552,1417652,location
31696,1415514,location
20561,2610826,location
20568,2664727,location
20575,533947,location
20579,1121928,location
20580,838334,location
20587,519910,location
20589,1728011,location
20594,1127844,location
20596,1118218,location
20599,2019127,location
20614,2313824,location
20623,1124694,location
20625,522103,location
20628,1135407,location
20631,1122401,location
20632,1127042,location
31711,540266,location
20639,1117210,location
20648,2318061,location
20668,1116878,location
20672,1415529,location
31731,2013397,location
31732,1117837,location
31735,2013207,location
20696,2012940,location
31740,1422553,location
20698,818412,location
31741,2012973,location
31742,1715830,location
31743,1715845,location
31745,1117310,location
31747,2312937,location
31749,520330,location
31750,1122871,location
31750,2013991,location
31750,819425,location
20703,859664,location
31755,2012973,location
20708,2615534,location
31756,2014612,location
31759,2625411,location
20715,519986,location
20719,2611323,location
20721,2312951,location
20723,818745,location
20731,1432270,location
20744,525279,location
20750,1742657,location
20759,2638711,location
20767,1728595,location
20768,824423,location
20774,1429145,location
20781,2616653,location
20783,2613461,location
20787,1719794,location
20802,820129,location
20804,2614441,location
20805,2610827,location
20806,2611842,location
20808,1118091,location
20820,1720205,location
20826,2610830,location
20829,2348850,location
20839,2610826,location
20840,819294,location
20844,2610788,location
20845,2016359,location
20847,1117310,location
20850,2649387,location
20852,521041,location
20868,1721459,location
20873,822840,location
20875,1728093,location
20877,1715040,location
20880,1119541,location
20907,2012987,location
20909,869015,location
20920,2353640,location
20926,860376,location
20927,2622426,location
20928,1118347,location
20936,526550,location
20938,1117486,location
20940,1715077,location
20946,1416354,location
31764,2013227,location
20950,1424460,location
20951,564175,location
20956,1780850,location
31770,2610771,location
20962,823656,location
31776,2015590,location
31777,2315609,location
31778,2013259,location
20971,2012978,location
31779,1117799,location
20972,1124206,location
20972,519914,location
20976,1420650,location
20977,2012931,location
20980,549070,location
20981,2311980,location
20991,1421410,location
20993,663782,location
21007,1423325,location
31784,2610790,location
21019,1415463,location
21020,2012996,location
21022,2013240,location
31790,819117,location
31792,1416511,location
31794,2316045,location
21047,2013003,location
21047,1416106,location
21047,2635425,location
21047,818826,location
21047,2013820,location
21047,819192,location
21049,2313421,location
21052,1075776,location
31799,1715072,location
31800,1124221,location
31801,2616188,location
31802,1117734,location
31805,1421400,location
31809,521153,location
21068,1717519,location
21072,2613557,location
31823,521727,location
31824,710928,location
21074,1415688,location
21077,2611731,location
21079,2613557,location
21080,1715555,location
21089,818694,location
21090,1775313,location
21093,540588,location
21096,2610771,location
21100,2611018,location
21123,818386,location
31834,1121833,location
21136,2610869,location
21138,859410,location
21146,2317561,location
21149,2328539,location
21159,1472799,location
21163,2317335,location
21166,820328,location
21168,2022864,location
21170,1118223,location
21173,2619912,location
21177,1121833,location
21180,2312553,location
21184,2336082,location
21187,1116846,location
21188,1716512,location
21191,2315449,location
21197,1175770,location
21201,1116869,location
31849,2312609,location
21226,2610835,location
21249,1460351,location
21267,2013532,location
21269,831943,location
21275,519924,location
21290,1116861,location
21301,1116958,location
21310,1428500,location
21330,819394,location
31867,1132597,location
21344,2315930,location
21347,533883,location
31871,2611819,location
31871,2617682,location
31871,2013804,location
31871,1416095,location
21349,2610802,location
21371,1117429,location
31874,1118408,location
21380,1658161,location
21383,833582,location
21389,2315930,location
21390,1117491,location
21393,520794,location
21399,2311975,location
31884,2311975,location
31888,2617903,location
31889,2315421,location
31890,1429753,location
21412,2623431,location
21413,2311975,location
21418,1718890,location
31894,1116840,location
21431,1415472,location
21432,520794,location
21437,2314007,location
21439,1415992,location
21445,1717922,location
31899,2015284,location
21465,1347615,location
21474,864393,location
31905,2073169,location
21476,2611026,location
21479,1742189,location
21495,818399,location
21496,2631566,location
31908,520160,location
21507,2611040,location
21513,2621492,location
21522,2060840,location
21524,2636326,location
21527,545101,location
21531,2024833,location
21541,521292,location
21545,2611682,location
21547,1415621,location
21552,1117491,location
31918,2634093,location
21565,1416387,location
31921,1493233,location
31921,2013846,location
31923,819365,location
21578,872187,location
31926,2325261,location
21588,519929,location
21593,2325912,location
21594,820646,location
21597,819934,location
21605,1730767,location
21607,1453984,location
21612,1130141,location
31932,1418804,location
21629,2631350,location
21639,2613653,location
21641,1131268,location
21642,583324,location
21642,1116861,location
21646,575469,location
21660,2318673,location
21660,2319589,location
21674,2024997,location
21683,1717827,location
21688,828200,location
21692,2016332,location
21705,2312218,location
21710,520046,location
21728,819192,location
21732,1416391,location
21739,1116895,location
31964,2013004,location
21747,520249,location
21748,1415470,location
21753,1119603,location
21764,2018765,location
21768,2350976,location
31969,2610827,location
21785,2616350,location
21791,520653,location
31981,2610827,location
21796,1117861,location
21802,2312218,location
21809,2610855,location
31984,2610827,location
21817,1417262,location
21825,522527,location
21844,1460351,location
21857,1739075,location
21861,2611224,location
31993,2651141,location
21879,2013226,location
32000,1733396,location
21908,2610800,location
21918,2312240,location
32003,2312383,location
21937,2012987,location
21947,1418452,location
32006,2610846,location
21965,1415441,location
21971,2055195,location
21993,1208496,location
22019,1117791,location
22032,520636,location
22035,2311975,location
22046,821191,location
32023,844322,location
32023,1725249,location
22056,2321822,location
32044,1415438,location
32048,535687,location
22067,2610827,location
32052,819281,location
22104,2311972,location
32057,2013207,location
22110,2013670,location
22122,1118856,location
32060,902683,location
22129,819635,location
22132,2024143,location
22146,1418899,location
22147,1416477,location
22149,525082,location
22155,2024143,location
22173,1415962,location
22184,1131342,location
22184,519914,location
32097,520046,location
22220,1994779,location
22220,519914,location
22221,1117950,location
22222,1117950,location
32102,2012989,location
22233,1715844,location
22248,1118347,location
22255,2317758,location
22296,2351364,location
32117,519914,location
22308,822839,location
32123,2312341,location
32125,522352,location
32126,522352,location
22385,520093,location
22385,1117198,location
22425,1118822,location
22442,2013226,location
22450,818533,location
22452,1419771,location
22459,1415687,location
22459,1416026,location
22461,2013207,location
22461,845315,location
22463,2013207,location
22479,2018524,location
22480,2314821,location
22483,2014337,location
22484,1116906,location
22486,863323,location
22491,524205,location
32157,1117006,location
22496,2312976,location
22497,522390,location
22501,520046,location
32158,727472,location
22504,1116878,location
22515,2312029,location
32159,2013227,location
22516,2312049,location
22521,519914,location
32165,819153,location
22525,1122119,location
22541,2017090,location
22547,2317877,location
22550,1116878,location
22553,2312547,location
22555,2319696,location
22556,2611494,location
22562,1415703,location
22563,1714934,location
22564,2619117,location
22566,520518,location
22568,2013207,location
22572,1118978,location
22574,819346,location
32182,2610980,location
22580,2012973,location
22581,1716061,location
22583,2610830,location
22584,2610892,location
22587,519922,location
22591,1714923,location
22595,1123608,location
22599,2610802,location
22603,1117757,location
22604,2013207,location
22606,2611409,location
22609,1715864,location
22610,2611218,location
22617,520123,location
22625,1211756,location
22634,1974382,location
22638,2311975,location
22644,519914,location
22649,2012921,location
22658,2313423,location
22661,520878,location
22663,2024918,location
22665,1116840,location
22668,2015783,location
22674,1116840,location
22676,820579,location
22678,1717085,location
22681,2318030,location
22682,818386,location
22684,2012920,location
22700,2312050,location
22706,822430,location
22708,2012962,location
22709,1126635,location
22713,520653,location
22722,2013303,location
22725,1415468,location
22727,2670230,location
22730,2013136,location
22731,1116861,location
22737,1117755,location
22740,522132,location
22746,821608,location
22748,1415550,location
22749,1117807,location
22758,520518,location
22761,822839,location
22769,1715372,location
22776,540588,location
22778,2611422,location
22783,819053,location
22794,1714933,location
22796,2313003,location
22797,519922,location
22800,1122710,location
22802,2314222,location
22804,1116878,location
22807,520207,location
22813,2323738,location
22815,1116851,location
22818,1188052,location
22819,819764,location
32225,2017772,location
22828,1121265,location
22829,520794,location
22841,2319728,location
22842,2312554,location
22844,1125519,location
22846,820418,location
22847,2314455,location
22849,1415470,location
22856,819236,location
22858,1415436,location
22860,1721680,location
22864,2247063,location
32236,818396,location
22874,2610779,location
32241,1121947,location
22878,2610779,location
22882,1415437,location
22885,519999,location
22886,546409,location
22887,2610779,location
22891,1719433,location
22894,1470558,location
22897,1720275,location
22901,2012921,location
22904,2312830,location
22906,1117085,location
22909,1741067,location
32252,2617832,location
22912,1119520,location
22927,2013774,location
22931,1714937,location
22932,2041528,location
22933,1732417,location
22943,1116874,location
22948,1717881,location
32256,2028927,location
32257,2320787,location
22953,1131466,location
22956,2322473,location
22957,857320,location
22959,874518,location
22963,2012939,location
22964,819785,location
22965,2018247,location
22967,1416518,location
22969,2665078,location
22973,1117787,location
22974,523910,location
22978,540126,location
22979,2630164,location
22982,1119378,location
32273,2610779,location
32275,2312677,location
23003,2611503,location
23005,1418314,location
23007,2312587,location
23009,2326161,location
32280,1416531,location
23026,2610826,location
23027,525082,location
23028,2020711,location
23029,1416486,location
32282,1715803,location
32286,533483,location
23039,558879,location
23040,2013560,location
23051,520168,location
32290,2016867,location
23057,2624183,location
23066,1715876,location
23069,1428758,location
23070,2237068,location
23071,1116913,location
32295,2026501,location
23088,1719366,location
23094,2013002,location
23096,1416531,location
23101,2313048,location
23113,520173,location
23115,2015533,location
23119,1721529,location
23125,2313074,location
23134,1751230,location
23137,1416941,location
23140,520228,location
23142,1125118,location
23143,2622798,location
23145,2012995,location
23146,2313517,location
23147,520980,location
23148,2412082,location
23155,2610863,location
23157,2321989,location
23159,2317610,location
23164,1715961,location
23169,2013231,location
32313,1415502,location
23175,2611072,location
23176,826566,location
23179,2076718,location
23181,1431659,location
23182,527801,location
23187,2327061,location
23187,1444941,location
23188,818387,location
23191,522132,location
23193,1126530,location
23194,1750029,location
23198,2349202,location
23205,831676,location
23207,2013240,location
23211,2027305,location
23212,2495614,location
23214,538686,location
23215,2878684,location
23216,818826,location
23218,2018266,location
23220,1132750,location
23221,1715116,location
23222,1423972,location
23229,519953,location
23231,1714970,location
23232,2614353,location
23238,1443588,location
23240,2611503,location
23260,2611416,location
23271,1117672,location
23273,1714970,location
23278,1193465,location
23281,2319545,location
23283,537656,location
23285,819347,location
23288,2314918,location
23294,1116874,location
23295,2014177,location
23298,1123744,location
23300,2316813,location
23313,524859,location
23316,2611674,location
23321,2610779,location
23330,1415475,location
32332,521153,location
23340,2628086,location
23349,2013779,location
23353,1714937,location
23356,1715825,location
32343,1117815,location
32344,2312336,location
23365,1748712,location
32347,819060,location
23366,522241,location
23367,2315283,location
23373,1416145,location
23374,855471,location
23380,2316142,location
23385,2610772,location
23386,2314496,location
23396,1209717,location
23397,2611706,location
23398,520046,location
23404,520344,location
23405,818404,location
23413,819461,location
23416,1719930,location
23418,844416,location
23418,1422957,location
23419,2327894,location
23426,2013261,location
23427,520985,location
23427,2615677,location
23431,520913,location
23436,1117837,location
23439,2664727,location
23448,818573,location
23453,2015889,location
23456,2610868,location
23458,1116902,location
23460,1159392,location
23466,525998,location
23467,1120026,location
23474,520438,location
23479,819153,location
32373,2899088,location
23494,520878,location
23495,1728504,location
23498,1122819,location
23499,1431486,location
23502,1715837,location
23505,2312148,location
32381,2610835,location
23511,1714913,location
23512,1731990,location
32383,1116847,location
23522,1716317,location
32386,2311976,location
23528,2311975,location
32387,2311975,location
23530,1719998,location
23535,1415650,location
23539,2312698,location
23540,1117431,location
23543,2033509,location
23547,1116878,location
23550,1716317,location
23551,520160,location
32398,1416431,location
23555,1732076,location
32400,2566988,location
23562,521727,location
32402,2012969,location
23564,2312152,location
23570,1118606,location
23572,819238,location
23573,1117800,location
32409,2029225,location
23575,2610771,location
32417,2610827,location
32420,1716148,location
23576,2317369,location
32424,2013226,location
32427,519961,location
23582,1729509,location
23583,2612319,location
23586,2314575,location
23591,2611582,location
23593,1720951,location
23594,2033000,location
23598,1432027,location
23599,777141,location
23602,1719244,location
23603,1715366,location
23608,2610962,location
23614,1117101,location
23644,1470400,location
23647,819858,location
23648,820595,location
23653,2329309,location
23655,818694,location
23658,525791,location
23665,2746947,location
23667,2331394,location
23670,2327061,location
23673,2630009,location
23680,2610958,location
23682,2016295,location
23683,2348911,location
23691,820598,location
23695,2611434,location
23697,2769099,location
23702,2610913,location
23706,2311972,location
23729,1715791,location
23734,823758,location
23737,554766,location
23738,818993,location
23750,2052186,location
23751,823695,location
23754,2312700,location
23755,2611738,location
23761,1417607,location
23774,2635773,location
23775,1118975,location
23782,2312949,location
23785,2013700,location
32430,2027502,location
23791,2312160,location
23797,2316246,location
23799,523414,location
32437,818386,location
23803,1415885,location
23804,2629103,location
23808,1423794,location
23813,2021800,location
23815,2611383,location
32452,836680,location
23849,818386,location
32460,1417443,location
32460,2014277,location
23862,827952,location
32464,854287,location
23873,2612232,location
32467,557494,location
23881,2012931,location
32476,1718799,location
23889,2012941,location
23891,1415678,location
32478,1714950,location
23899,818427,location
23901,2319272,location
23909,1116895,location
23910,2610802,location
23912,2610829,location
23926,2611409,location
23927,1117210,location
23928,2026705,location
23929,520849,location
23931,1455782,location
23932,2013560,location
23933,822781,location
23936,2611078,location
32488,1431277,location
23942,2319272,location
23944,2012931,location
23953,1716020,location
23963,1119298,location
32496,525281,location
24007,520527,location
24028,822101,location
24043,861444,location
24052,1718528,location
32516,820469,location
32519,1418737,location
24086,856544,location
24117,1120656,location
24120,1130412,location
32520,1715914,location
24137,1431695,location
24139,835683,location
32524,1730925,location
24153,1716051,location
24160,1121826,location
24163,1433901,location
32530,2627106,location
32537,1116861,location
24190,822050,location
24192,2611018,location
24196,1118740,location
32543,754544,location
24201,1117807,location
24202,2610808,location
24206,2022960,location
24219,1131794,location
24222,2629813,location
32547,818386,location
24226,1428034,location
24230,1147813,location
24235,520794,location
24240,2313689,location
24247,1466035,location
24250,2610878,location
24253,538268,location
24257,2610864,location
24262,1450985,location
32555,558242,location
24281,2618457,location
24296,1117950,location
32564,823525,location
24308,1126305,location
24309,1120950,location
24310,1420475,location
24322,2611495,location
24324,1416030,location
24350,2612319,location
32570,820190,location
32572,566439,location
24357,1117728,location
24364,2329079,location
24365,2313568,location
24366,2013561,location
24369,2014274,location
24372,1120950,location
24375,2610913,location
24377,528652,location
24386,831274,location
24388,1119603,location
24394,2611950,location
24403,1122273,location
24406,1418281,location
24410,1118541,location
24420,1714948,location
24421,843412,location
24434,2013226,location
24449,2013226,location
24454,520109,location
24456,538636,location
24463,520909,location
24472,825636,location
24474,1417695,location
24477,2612289,location
24478,821914,location
24480,1415523,location
24483,1714942,location
32605,2610827,location
24500,2016075,location
24501,2611017,location
24504,520168,location
24505,2317883,location
24509,1416391,location
32606,2610827,location
24511,1718420,location
24524,2611346,location
32614,2610779,location
24545,1416378,location
24546,1715681,location
32617,1715848,location
24556,2623346,location
24568,2072766,location
32619,2012941,location
24595,2610788,location
32625,571472,location
32626,520653,location
24602,520878,location
32628,2065110,location
32629,1724042,location
24612,1125118,location
24624,1717519,location
24625,522668,location
24629,2611753,location
24639,1434503,location
24640,1415708,location
24664,2314931,location
24665,821485,location
32650,2610788,location
24700,2610782,location
32655,1121744,location
24707,1721680,location
24713,1117047,location
32661,1434485,location
32665,2311980,location
24752,520155,location
32670,520087,location
24779,2610800,location
24806,1123050,location
24809,822355,location
24815,2012924,location
32679,1457591,location
32682,1117604,location
32683,2610827,location
24834,1124331,location
24837,1141553,location
32690,820720,location
32691,1715543,location
32694,819238,location
32696,823292,location
24856,520540,location
32700,1122294,location
24868,2012962,location
32707,1416249,location
32714,1416228,location
24903,2013703,location
32717,2859808,location
32718,1714984,location
32724,2590826,location
24924,2611495,location
24926,2031036,location
32728,520514,location
32732,1463400,location
24947,523792,location
32737,2611809,location
32747,1417252,location
24962,2024143,location
24963,2612562,location
24972,1415472,location
24979,1416163,location
32758,822905,location
24989,1118281,location
24995,2610782,location
24995,519914,location
24996,2013513,location
24997,819935,location
24997,519914,location
32765,1720789,location
25023,823934,location
25027,1439954,location
32776,2028142,location
32781,529855,location
25053,520849,location
32787,1131706,location
32788,1715791,location
25083,524916,location
25098,2623024,location
32793,1436081,location
25103,1420492,location
25110,2013855,location
25118,521041,location
32803,522352,location
32817,1731575,location
25250,2012972,location
25279,1714923,location
25283,2628363,location
25287,2370867,location
25291,1715889,location
32837,1116859,location
25307,1714934,location
25313,527113,location
25317,1116958,location
25323,523183,location
25324,1770835,location
25329,2614331,location
25332,1420378,location
25334,1170443,location
25341,2325726,location
25348,869469,location
25354,834980,location
25359,2311975,location
32850,1714912,location
25360,1417207,location
25361,520046,location
25369,1415470,location
25370,2012962,location
25376,2013513,location
25378,2313068,location
25379,826432,location
25379,561763,location
25380,1720738,location
25382,1119048,location
25385,2013207,location
32855,1719379,location
25387,1415436,location
25388,2012931,location
25389,1116840,location
25391,2611017,location
25398,2629781,location
25401,820015,location
25402,845315,location
25409,522014,location
25409,1715125,location
25415,2013816,location
25417,2317315,location
25425,2611224,location
25427,2610802,location
25437,1125198,location
32865,837642,location
25442,2311980,location
25443,1415436,location
25444,519908,location
25450,1116889,location
25454,1723252,location
25457,2013975,location
25465,2611040,location
25470,818650,location
25474,835460,location
25477,821514,location
25484,2620280,location
25490,2311975,location
25491,2610846,location
25492,1714988,location
25496,2012922,location
25501,2313824,location
25505,540588,location
25508,2013002,location
25518,1117247,location
25523,2617493,location
25527,818392,location
32883,2312699,location
25533,1719357,location
25536,520046,location
25541,1117120,location
25543,520514,location
25548,2311975,location
25551,2611050,location
25555,1714913,location
25558,820628,location
25562,524865,location
25566,2017842,location
25567,2339390,location
25569,539031,location
32895,1122210,location
25586,1120745,location
25588,2610779,location
25589,520046,location
25593,2013261,location
25596,825782,location
25597,519922,location
25600,1715279,location
25612,1134148,location
25614,1135365,location
25618,524027,location
25622,519917,location
25626,2327543,location
25634,520182,location
25635,2612319,location
25638,828232,location
25642,2313048,location
25644,2610783,location
25661,1116878,location
25665,1460351,location
25667,1715940,location
25668,520155,location
32925,1773772,location
25677,2222274,location
25677,1625264,location
25682,2610868,location
25682,2013207,location
25687,519917,location
25691,2311975,location
25695,2013313,location
32931,525661,location
25699,2013234,location
25721,1117880,location
25722,520156,location
25723,1416216,location
25729,1420378,location
25733,1431351,location
25737,2013945,location
25740,1417437,location
25742,818416,location
25745,2013909,location
25750,1420954,location
25757,1719204,location
25763,818411,location
25764,522132,location
25767,1716639,location
25768,2028570,location
32945,2621625,location
25783,2312830,location
25786,2013703,location
25789,2013001,location
25791,2013371,location
25794,596314,location
25795,2012921,location
25796,2611133,location
25798,559398,location
25799,1416363,location
25800,1720169,location
25801,1427715,location
25809,1118191,location
25810,823934,location
25811,1415436,location
25813,866276,location
25817,1116874,location
25818,2546827,location
25825,2012922,location
25826,2611224,location
25829,1715825,location
25844,2015857,location
25845,1143246,location
25848,1416192,location
25852,2312104,location
25855,1720708,location
25860,2013837,location
25860,1118839,location
25862,2610830,location
25864,1720552,location
25868,819164,location
25876,2612722,location
25877,2022415,location
25880,2610825,location
25883,1418074,location
25887,1416047,location
25888,2610788,location
25895,2315542,location
25896,1415694,location
25901,520173,location
25903,1715889,location
25909,2611044,location
25912,819339,location
25914,2013779,location
25921,819921,location
25925,2610864,location
25926,825124,location
25934,2012920,location
25935,2012920,location
32985,519949,location
25941,1124019,location
25943,1167760,location
25943,1717857,location
25943,915336,location
25947,1715886,location
25954,532519,location
25957,1117604,location
25961,1117313,location
25965,2020856,location
25965,1120357,location
25966,1715589,location
25967,2025401,location
25969,2026067,location
25972,1429828,location
25974,1429828,location
25974,1117674,location
25975,2013963,location
25981,1722194,location
25986,1118120,location
25992,519963,location
25997,2312313,location
32996,832916,location
25999,1416511,location
26007,823701,location
26012,1417794,location
26016,1729449,location
26023,549611,location
26025,2685108,location
26027,819450,location
26029,1422350,location
26034,2314175,location
26037,519914,location
26045,1415998,location
26073,2610861,location
26085,1719249,location
26092,527516,location
26096,2618239,location
26107,844787,location
26108,833810,location
26112,2613386,location
26115,2610801,location
26126,1154813,location
26132,2611847,location
26141,1717827,location
26144,1716259,location
26156,2626429,location
33014,2013804,location
33015,521501,location
33020,818422,location
26163,2312144,location
33023,1715222,location
26164,821536,location
26168,520344,location
33024,2614840,location
26170,2015783,location
26171,1417253,location
26176,818409,location
26177,538010,location
26178,2013397,location
26180,1117451,location
26181,1417088,location
26183,1117249,location
26185,1415468,location
26193,1717827,location
26195,2620280,location
26195,1134788,location
26205,1718500,location
26207,823553,location
26210,520151,location
33043,1117779,location
26220,2611796,location
26224,1117837,location
26226,2013921,location
26228,1125118,location
26234,1118975,location
26246,1174934,location
26249,1717392,location
26254,1367912,location
26260,2021949,location
26266,2610868,location
26271,2014407,location
26274,2610779,location
26277,2019127,location
26280,1416421,location
33062,2610783,location
33063,1714937,location
26283,2013002,location
26291,2611819,location
26294,1725478,location
26295,2024900,location
26297,1714913,location
26298,2624238,location
26299,1415715,location
26301,2617597,location
26303,569107,location
26305,834854,location
26307,2613460,location
26308,1194037,location
33067,1742690,location
26311,1417802,location
26312,2611763,location
33070,2027139,location
26316,2629521,location
33073,2311970,location
26323,2015783,location
26326,1415715,location
33076,520993,location
26327,818577,location
26332,1771250,location
33084,1695097,location
33085,818399,location
26344,2311975,location
33087,1416102,location
26347,2313224,location
26375,2014913,location
33107,2012920,location
33112,2610788,location
33114,1155906,location
33116,2015239,location
26379,1716148,location
26380,2012973,location
26384,2637217,location
33124,2013203,location
26386,1117491,location
26388,2611323,location
26389,1416054,location
26395,2612525,location
26410,1429981,location
26412,1718998,location
26413,2747287,location
26422,2018766,location
26427,2016418,location
26431,1727518,location
26437,1422257,location
26449,2013538,location
26459,1117127,location
26460,1122872,location
26466,2314192,location
26470,1416511,location
26476,2017362,location
26480,2014265,location
26481,2014265,location
26490,1128158,location
26510,2613135,location
26512,2328577,location
26525,1715872,location
26525,1397153,location
26529,823472,location
26530,1117884,location
26534,523191,location
26535,1416387,location
26536,519970,location
26539,1124563,location
26544,1419118,location
26545,2023034,location
26549,520975,location
26551,858525,location
26556,2498818,location
26559,820905,location
26561,2326074,location
26564,1416026,location
26568,1116841,location
26570,820313,location
26571,2617553,location
26578,1421301,location
26586,2013170,location
26593,2013945,location
26595,829451,location
26596,2027471,location
33133,1421970,location
33135,2610962,location
26605,1715786,location
26607,1417652,location
26608,1424460,location
26610,2319797,location
26611,521500,location
26617,1715097,location
33150,1721733,location
26622,2012940,location
26623,2012939,location
33156,567066,location
33157,1718019,location
26625,2012931,location
33160,2386914,location
26626,2018765,location
26627,520914,location
26628,2611753,location
26630,818427,location
26632,1122315,location
26635,818950,location
26636,853373,location
26643,1715263,location
26653,2611094,location
26657,520484,location
33180,1720151,location
33184,1118606,location
26688,1134041,location
33188,2340979,location
26690,520518,location
26693,1128666,location
33200,1116896,location
26695,1715260,location
33201,2618051,location
33203,2018099,location
26703,520046,location
26713,2610892,location
26714,547032,location
26718,2610802,location
26728,818995,location
26734,2013252,location
26740,520869,location
26741,521667,location
26746,2013560,location
26747,1716633,location
26748,2013934,location
26752,520540,location
33213,2012921,location
26756,2610913,location
26757,1116840,location
26765,825799,location
26766,819106,location
33221,1729044,location
33224,1416554,location
33225,868623,location
26781,1741596,location
26787,1116861,location
26796,2013226,location
26800,1725069,location
26809,2018772,location
26812,828232,location
26817,1716608,location
26822,2611078,location
26825,818694,location
26827,1415436,location
26841,2013905,location
33246,2611329,location
26858,1120519,location
33253,1715040,location
26957,1419310,location
26959,611086,location
26964,1120281,location
33262,1431717,location
26967,2018099,location
33264,2610802,location
33265,1132581,location
26972,520851,location
26975,1715673,location
26998,2019006,location
27000,1117817,location
27003,1715480,location
27006,2610825,location
27009,520549,location
33275,818694,location
27021,519926,location
33278,525848,location
27023,1122315,location
27024,2014458,location
33279,549999,location
27037,2610864,location
27038,2013963,location
27039,1118091,location
27042,1116851,location
27054,1122212,location
27055,2328441,location
33284,2012973,location
27060,2314192,location
27065,2611753,location
27065,2313421,location
27069,2014885,location
27073,2327066,location
27076,1715370,location
27089,1116880,location
27094,818694,location
27097,1416047,location
33290,520939,location
33292,1720872,location
27115,2610892,location
27123,1119378,location
27130,1117093,location
27133,2013561,location
33295,1416106,location
33298,820746,location
27151,2612052,location
33299,1417706,location
27155,1122211,location
27159,1427662,location
27162,2337464,location
27169,1714967,location
27171,526818,location
27172,1150936,location
27182,1116958,location
27191,2312224,location
33310,2611682,location
27201,1418272,location
27202,2634209,location
27204,2312021,location
27226,1715375,location
33318,524464,location
27235,1418746,location
27245,520095,location
27248,2017261,location
33325,2611716,location
27274,1716012,location
27295,818386,location
27297,1740234,location
27298,1718917,location
27299,520913,location
27302,1118821,location
27303,524916,location
27313,529953,location
27317,1116898,location
33341,2015598,location
33341,2312049,location
27325,2610829,location
33343,2037591,location
27340,520518,location
27346,1416391,location
33349,1416679,location
27347,2103415,location
27349,2610892,location
27358,1716148,location
27360,2033526,location
27368,2024143,location
27382,2325912,location
27386,1143308,location
27394,1117874,location
33361,1451031,location
33365,1117757,location
27400,2313465,location
27403,1117837,location
27408,1117659,location
27415,2024326,location
27416,828809,location
33370,2611685,location
33371,2649586,location
27445,522956,location
27449,837020,location
33376,2610827,location
33382,836605,location
33392,1073363,location
27508,2316185,location
33395,519914,location
27528,1417805,location
33403,821992,location
27585,1117837,location
33406,2331414,location
27622,2013234,location
33417,530537,location
33420,1714912,location
27667,1118852,location
27670,2012971,location
27683,519914,location
33435,1714947,location
33437,1122232,location
27705,522625,location
33442,519914,location
27742,2022666,location
27743,2014277,location
33470,2314222,location
33474,2012939,location
27782,1116893,location
33477,1994216,location
33478,2015375,location
27784,2615098,location
27800,2013226,location
27806,520549,location
33486,2610798,location
27814,2621755,location
27817,520911,location
27821,1116884,location
33491,519914,location
27833,2312588,location
27840,520318,location
27856,2631346,location
27856,519914,location
33501,1715791,location
33502,520207,location
33508,1731962,location
27905,2013252,location
27911,1716925,location
27916,2313955,location
33512,1415475,location
27929,1715372,location
33514,1715825,location
33515,1723809,location
27933,1158052,location
27980,2312924,location
33524,1130603,location
27986,822192,location
27993,2610799,location
33526,521640,location
28002,521811,location
28015,520207,location
33530,519926,location
33531,519914,location
28047,2611040,location
28065,2013561,location
